City_ID,City,Lat,Lng,Max Temp,Humidity,Cloudiness,Wind Speed,Country,Date
0,port-aux-francais,-49.35,70.2167,3.24,76,72,11.72,TF,1731436775
1,bethel,41.3712,-73.414,10.41,51,40,7.72,US,1731436776
2,port alfred,-33.5906,26.891,18.43,84,0,3.13,ZA,1731436777
3,albany,42.6001,-73.9662,7.91,53,4,2.68,US,1731436778
4,margaret river,-33.95,115.0667,11.01,93,48,4.16,AU,1731436733
5,berdigestyakh,62.0989,126.6992,-24.05,100,81,1.59,RU,1731436781
6,college,64.8569,-147.8028,-16.17,80,100,0.0,US,1731436782
7,taoudenni,22.6783,-3.9836,27.62,16,0,3.18,ML,1731436783
8,waitangi,-43.9535,-176.5597,9.9,92,5,1.34,NZ,1731436784
9,adamstown,-25.066,-130.1015,21.64,72,100,3.91,PN,1731436785
10,ushuaia,-54.8,-68.3,13.81,54,75,6.17,AR,1731436786
11,bilibino,68.0546,166.4372,-25.51,99,19,2.08,RU,1731436787
12,enewetak,11.3474,162.3373,28.29,77,52,5.59,MH,1731436788
13,kingscliff,-28.2667,153.5667,18.89,100,80,0.51,AU,1731436790
14,wailua homesteads,22.0669,-159.378,25.44,85,20,7.2,US,1731436791
15,iqaluit,63.7506,-68.5145,-13.15,71,20,2.57,CA,1731436792
16,sai buri,6.7013,101.6168,26.09,87,100,0.69,TH,1731436793
17,sernur,56.9333,49.1536,-2.23,92,92,5.27,RU,1731436794
18,walvis bay,-22.9575,14.5053,15.53,82,26,4.63,NA,1731436795
19,pacific grove,36.6177,-121.9166,15.79,90,0,2.06,US,1731436796
20,bredasdorp,-34.5322,20.0403,15.42,78,0,2.3,ZA,1731436797
21,nar'yan-mar,67.6713,53.087,-7.58,95,100,5.94,RU,1731436691
22,okhotsk,59.3833,143.3,-15.52,71,41,7.81,RU,1731436799
23,crane,31.3974,-102.3501,26.0,45,100,9.35,US,1731436801
24,torghay,49.6339,63.4981,-3.7,68,69,2.95,KZ,1731436802
25,udachny,66.4167,112.4,-14.85,97,100,1.96,RU,1731436803
26,sitka,57.0531,-135.33,5.94,87,100,0.0,US,1731436596
27,plettenberg bay,-34.0527,23.3716,16.46,88,25,4.36,ZA,1731436805
28,baharly,38.4362,57.4316,12.01,77,100,2.36,TM,1731436806
29,mugia,43.1041,-9.2179,13.28,70,100,10.8,ES,1731436807
30,pisco,-13.7,-76.2167,21.12,73,87,4.63,PE,1731436808
31,usevia,-7.1,31.2333,23.07,70,28,1.92,TZ,1731436809
32,dunedin,-45.8742,170.5036,11.56,86,8,3.13,NZ,1731436612
33,galliano,29.4422,-90.2992,22.0,94,100,5.66,US,1731436812
34,georgetown,5.4112,100.3354,27.97,82,40,1.54,MY,1731436813
35,uturoa,-16.7333,-151.4333,25.79,75,100,7.96,PF,1731436814
36,edinburgh of the seven seas,-37.0676,-12.3116,16.14,95,100,4.81,SH,1731436816
37,murzuq,25.9155,13.9184,19.82,22,92,2.76,LY,1731436817
38,colonia,50.9333,6.95,9.42,85,100,2.06,DE,1731436818
39,grytviken,-54.2811,-36.5092,-0.81,76,100,6.56,GS,1731436819
40,dudinka,69.4058,86.1778,-26.36,94,93,4.91,RU,1731436820
41,puerto ayora,-0.7393,-90.3518,24.19,78,100,3.58,EC,1731436822
42,ust-nera,64.5667,143.2,-30.8,98,99,0.53,RU,1731436823
43,calvinia,-31.4707,19.776,18.14,37,4,2.57,ZA,1731436824
44,manggar,-2.8833,108.2667,25.8,81,62,0.95,ID,1731436825
45,isafjordur,66.0755,-23.124,3.5,82,72,18.72,IS,1731436826
46,kruisfontein,-34.0033,24.7314,15.98,93,33,9.21,ZA,1731436827
47,jingdezhen,29.2947,117.2079,16.19,89,8,1.77,CN,1731436828
48,hithadhoo,-0.6,73.0833,28.51,75,100,8.03,MV,1731436829
49,luanda,-8.8368,13.2343,27.0,78,40,6.69,AO,1731436830
50,yellowknife,62.456,-114.3525,-7.55,97,100,4.47,CA,1731436625
51,le port,-20.9373,55.2919,21.61,99,65,2.64,RE,1731436833
52,invercargill,-46.4,168.35,9.45,96,15,1.57,NZ,1731436834
53,usogorsk,63.4106,48.6872,0.58,98,100,3.02,RU,1731436835
54,fort-shevchenko,44.5086,50.263,4.74,67,83,4.81,KZ,1731436836
55,podporozh'ye,60.9112,34.1706,1.48,97,100,1.7,RU,1731436837
56,linxia chengguanzhen,35.6003,103.2064,6.05,68,100,1.22,CN,1731436838
57,avarua,-21.2078,-159.775,23.03,64,100,3.6,CK,1731436839
58,west island,-12.1568,96.8225,25.99,89,75,4.63,CC,1731436840
59,lebu,-37.6167,-73.65,14.2,71,47,9.13,CL,1731436841
60,minas de marcona,-15.2119,-75.1103,19.72,55,50,5.72,PE,1731436842
61,kone,-21.0595,164.8658,22.78,82,55,1.94,NC,1731436844
62,kelibia,36.8476,11.0939,18.14,94,40,1.03,TN,1731436845
63,inhambane,-23.865,35.3833,25.99,83,40,5.14,MZ,1731436846
64,kiboga,0.9161,31.7742,16.83,96,98,1.44,UG,1731436847
65,magadan,59.5667,150.8,-15.47,73,100,4.4,RU,1731436848
66,yung shue wan,22.2333,114.1167,25.38,82,100,7.49,HK,1731436849
67,new norfolk,-42.7826,147.0587,13.17,79,99,1.33,AU,1731436850
68,dakoutun,39.5833,117.2289,10.86,60,100,2.43,CN,1731436851
69,kolonia,50.9333,6.95,9.42,85,100,2.06,DE,1731436852
70,saipan,15.1355,145.701,27.39,88,20,6.69,MP,1731436854
71,gadzhiyevo,69.2551,33.3362,0.01,89,100,3.97,RU,1731436855
72,vadso,70.0744,29.7487,3.09,87,40,4.63,NO,1731436856
73,fale old settlement,-9.3852,-171.2468,28.48,68,5,6.51,TK,1731436857
74,san patricio,28.017,-97.5169,27.97,56,99,4.6,US,1731436859
75,brzeszcze,49.982,19.1516,-0.1,73,47,0.83,PL,1731436860
76,manokwari,-0.8667,134.0833,25.72,81,8,1.5,ID,1731436861
77,saudarkrokur,65.7461,-19.6394,5.24,76,79,19.03,IS,1731436862
78,porto murtinho,-21.6989,-57.8825,26.58,31,99,6.34,BR,1731436865
79,papatowai,-46.5619,169.4708,10.46,73,5,1.3,NZ,1731436866
80,qaqortoq,60.7167,-46.0333,-4.09,72,100,5.09,GL,1731436867
81,ribeira grande,38.5167,-28.7,18.76,94,75,3.09,PT,1731436868
82,mutuali,-14.8706,37.0044,30.64,30,100,1.18,MZ,1731436869
83,ares,-6.1944,-35.1603,28.28,59,14,5.46,BR,1731436870
84,puerto natales,-51.7236,-72.4875,16.25,77,75,1.54,CL,1731436871
85,port elizabeth,-33.918,25.5701,18.51,90,75,11.32,ZA,1731436872
86,acarau,-2.8856,-40.12,28.76,61,6,6.87,BR,1731436873
87,petropavlovka,50.6114,105.3196,-5.32,78,87,3.05,RU,1731436874
88,zhob,31.3411,69.4481,13.88,23,6,0.89,PK,1731436876
89,hassleholm,56.1591,13.7664,4.64,83,100,1.93,SE,1731436877
90,mar del plata,-38.0023,-57.5575,19.18,64,90,5.36,AR,1731436878
91,kavaratti,10.5669,72.642,28.79,71,98,4.63,IN,1731436880
92,lihue,21.9789,-159.3672,25.77,73,20,7.2,US,1731436719
93,danilovka,50.3557,44.1168,0.03,76,19,1.21,RU,1731436882
94,petropavlovsk-kamchatsky,53.0452,158.6483,-6.67,53,20,4.0,RU,1731436729
95,glace bay,46.1969,-59.957,9.25,99,100,1.34,CA,1731436884
96,arauca,7.0847,-70.7591,32.98,62,75,1.87,CO,1731436886
97,chibougamau,49.9168,-74.3659,-2.21,69,75,5.66,CA,1731436887
98,swakopmund,-22.6833,14.5333,15.55,83,38,2.24,NA,1731436888
99,i-n-salah,27.1935,2.4607,21.64,29,99,2.34,DZ,1731436889
100,hawaiian paradise park,19.5933,-154.9731,22.63,97,75,3.09,US,1731436604
101,tralee,52.2704,-9.7026,8.14,100,20,0.51,IE,1731436891
102,lensk,60.7253,114.9278,-14.04,99,93,1.52,RU,1731436892
103,jamestown,42.097,-79.2353,7.79,53,40,2.06,US,1731436893
104,sinabang,2.4803,96.3801,25.97,85,100,1.49,ID,1731436894
105,iyidere,41.0119,40.3619,11.74,83,0,2.17,TR,1731436896
106,fortaleza,-3.7227,-38.5247,30.07,62,20,6.69,BR,1731436626
107,juneau,58.3019,-134.4197,4.12,97,100,0.0,US,1731436898
108,ilulissat,69.2167,-51.1,-4.99,93,40,1.54,GL,1731436900
109,port mathurin,-19.6833,63.4167,24.54,79,0,8.1,MU,1731436902
110,youhao,47.8667,128.8333,-6.26,89,66,0.97,CN,1731436903
111,callao,-12.0667,-77.15,21.16,68,100,4.12,PE,1731436905
112,carnarvon,-24.8667,113.6333,21.79,75,100,7.59,AU,1731436906
113,broken hill,-31.95,141.4333,16.18,70,0,9.83,AU,1731436907
114,martapura,-3.4167,114.85,25.05,100,40,0.51,ID,1731436908
115,bozoum,6.3193,16.3799,24.7,65,70,1.2,CF,1731436909
116,trinidad,-14.8333,-64.9,19.99,100,100,5.14,BO,1731436910
117,uzgen,40.7699,73.3007,6.72,63,100,0.72,KG,1731436911
118,sao paulo de olivenca,-3.3783,-68.8725,36.7,36,91,1.88,BR,1731436912
119,axim,4.8699,-2.2405,26.46,82,8,2.27,GH,1731436913
120,nova sintra,14.8667,-24.7167,26.5,69,9,9.63,CV,1731436914
121,stanley,54.868,-1.6985,5.28,91,0,0.0,GB,1731436916
122,okhtyrka,50.3104,34.8988,0.72,76,15,1.86,UA,1731436917
123,codrington,-38.2667,141.9667,13.36,90,100,7.14,AU,1731436918
124,happy valley-goose bay,53.3168,-60.3315,-0.83,86,100,4.63,CA,1731436919
125,semirom,31.4167,51.5667,6.93,57,10,2.1,IR,1731436920
126,natal,-5.795,-35.2094,30.12,62,40,7.2,BR,1731436921
127,toliara,-23.35,43.6667,25.13,66,88,4.2,MG,1731436922
128,klaksvik,62.2266,-6.589,10.48,85,100,14.21,FO,1731436923
129,sao vicente,-23.9631,-46.3919,23.32,35,100,2.68,BR,1731436924
130,seymour,38.9592,-85.8903,12.64,48,3,4.82,US,1731436925
131,sunne,59.8376,13.143,3.51,83,99,0.83,SE,1731436927
132,bathsheba,13.2167,-59.5167,31.34,66,40,8.75,BB,1731436928
133,longyearbyen,78.2186,15.6401,1.91,87,75,8.23,SJ,1731436929
134,puerto baquerizo moreno,-0.9,-89.6,25.55,57,20,4.63,EC,1731436930
135,skare,55.3833,13.05,5.43,74,100,4.45,SE,1731436931
136,pader palwo,2.8006,33.135,23.15,61,100,1.82,UG,1731436932
137,smithers,54.7804,-127.1743,2.18,93,75,2.57,CA,1731436933
138,atafu village,-8.5421,-172.5159,28.45,68,17,8.07,TK,1731436934
139,lompoc,34.6391,-120.4579,18.62,51,0,5.66,US,1731436744
140,whitehorse,60.7161,-135.0538,-4.57,92,100,1.03,CA,1731436937
141,gao,16.6362,1.637,26.27,13,2,4.11,ML,1731436938
142,afaahiti,-17.75,-149.2833,23.96,75,88,7.41,PF,1731436939
143,l'vovskiy,55.3142,37.5158,1.65,90,42,2.8,RU,1731436940
144,santiago papasquiaro,25.046,-105.4208,27.6,15,5,6.09,MX,1731436941
145,meridian,43.6121,-116.3915,9.52,63,0,5.14,US,1731436942
146,al jawf,29.5,38.75,19.22,49,14,3.77,SA,1731436943
147,mao,39.8885,4.2658,14.31,67,20,7.2,ES,1731436944
148,sarkand,45.41,79.9186,-0.37,93,100,1.02,KZ,1731436945
149,sisimiut,66.9395,-53.6735,-4.66,78,100,9.01,GL,1731436946
150,geraldton,-28.7667,114.6,15.23,88,100,4.12,AU,1731436948
151,brisas de zicatela,15.8369,-97.0419,30.29,70,0,3.09,MX,1731436949
152,hermanus,-34.4187,19.2345,14.33,84,0,1.67,ZA,1731436950
153,meizhou,24.2977,116.1072,21.54,82,100,1.27,CN,1731436951
154,ulladulla,-35.35,150.4667,15.04,94,11,2.19,AU,1731436952
155,gejiu,23.306,103.1635,12.04,96,19,0.43,CN,1731436953
156,guerrero negro,27.9769,-114.0611,19.92,64,0,8.66,MX,1731436954
157,qujing,25.4833,103.7833,10.62,91,0,2.35,CN,1731436956
158,punta arenas,-53.15,-70.9167,10.06,93,100,5.66,CL,1731436958
159,pandan,14.0453,124.1694,26.48,88,54,2.48,PH,1731436959
160,kargasok,59.0556,80.8572,-12.61,91,100,3.63,RU,1731436960
161,nagqu,31.5,92.0,-4.77,30,30,2.64,CN,1731436961
162,badger,64.8,-147.5333,-16.22,78,100,0.0,US,1731436962
163,matoury,4.8483,-52.3317,27.98,78,75,3.6,GF,1731436963
164,brookings,44.3114,-96.7984,9.14,69,3,0.89,US,1731436964
165,sitangkai,4.6628,119.3928,28.37,72,40,1.58,PH,1731436965
166,turiacu,-1.6633,-45.3717,28.5,65,98,2.84,BR,1731436966
167,flying fish cove,-10.4217,105.6791,24.82,100,100,3.6,CX,1731436968
168,ancud,-41.8697,-73.8203,12.87,77,50,4.34,CL,1731436969
169,hailar,49.2,119.7,-3.6,47,0,3.39,CN,1731436970
170,kiuruvesi,63.65,26.6167,1.73,82,99,1.98,FI,1731436971
171,east london,-33.0153,27.9116,21.52,78,0,3.6,ZA,1731436972
172,esmeraldas,-19.7625,-44.3139,25.43,69,88,1.15,BR,1731436973
173,krasnovishersk,60.4078,57.082,-7.64,97,100,1.28,RU,1731436974
174,at taj,24.2049,23.2857,19.22,26,0,4.2,LY,1731436975
175,dzhangala,49.2167,50.3333,-2.21,56,0,2.11,KZ,1731436976
176,nishinoomote,30.7333,131.0,22.31,78,73,7.25,JP,1731436978
177,bei'an,46.4398,126.2373,-3.35,67,0,2.9,CN,1731436979
178,gurupi,-11.7292,-49.0686,27.75,74,37,1.97,BR,1731436980
179,moose jaw,50.4001,-105.5344,9.15,57,100,6.17,CA,1731436981
180,hamilton,39.1834,-84.5333,11.47,65,100,5.14,US,1731436722
181,alotau,-10.3069,150.4462,24.41,96,61,1.32,PG,1731436983
182,den burg,53.0542,4.7972,9.98,81,100,3.09,NL,1731436985
183,tomohon,1.3346,124.8392,19.52,95,80,0.59,ID,1731436986
184,mejit,10.2753,170.8646,28.2,72,55,7.19,MH,1731436987
185,beidaihehaibin,39.8222,119.5181,10.61,55,100,2.29,CN,1731436989
186,arraial do cabo,-22.9661,-42.0278,32.98,58,0,6.69,BR,1731436990
187,jayapura,-2.5333,140.7,24.66,93,96,2.16,ID,1731436991
188,santa terezinha,-29.9002,-50.0904,20.05,51,0,7.38,BR,1731436992
189,lerwick,60.1545,-1.1494,11.07,93,100,10.61,GB,1731436993
190,klyuchi,52.2667,79.1667,-8.85,81,92,4.9,RU,1731436994
191,north bend,43.4065,-124.2243,12.92,82,100,4.63,US,1731436995
192,remire-montjoly,4.9167,-52.2667,28.02,78,75,3.6,GF,1731436996
193,kiunga,-6.1219,141.2906,22.57,99,100,0.32,PG,1731436998
194,port lincoln,-34.7333,135.8667,13.47,82,5,3.94,AU,1731437000
195,port macquarie,-31.4333,152.9167,18.37,98,69,0.89,AU,1731437001
196,quellon,-43.1167,-73.6167,13.39,76,100,3.47,CL,1731437002
197,aasiaat,68.7098,-52.8699,-7.56,87,99,5.8,GL,1731437003
198,sumbe,-11.2061,13.8437,25.36,87,22,5.17,AO,1731437004
199,blackmans bay,-43.0167,147.3167,12.51,91,100,2.66,AU,1731437005
200,susuman,62.7833,148.1667,-23.05,99,100,1.16,RU,1731437006
201,aripuana,-9.1667,-60.6333,35.4,38,100,0.83,BR,1731437007
202,midvagur,62.0511,-7.1939,11.46,93,100,10.8,FO,1731437008
203,sovetskaya gavan',48.9723,140.2878,-4.72,61,1,3.91,RU,1731437009
204,khorramshahr,30.4397,48.1664,24.98,44,0,4.12,IR,1731437011
205,opuwo,-18.0607,13.84,25.04,32,99,3.75,NA,1731437012
206,tindouf,27.6711,-8.1474,22.76,28,15,3.28,DZ,1731437013
207,noumea,-22.2763,166.4572,23.35,84,49,3.81,NC,1731436984
208,vorgashor,67.5833,63.95,-22.13,100,100,1.82,RU,1731437015
209,iskitim,54.6366,83.3045,-10.02,90,100,5.53,RU,1731437016
210,tiksi,71.6872,128.8694,-20.22,99,99,1.69,RU,1731437017
211,constantia,44.1833,28.65,5.38,77,100,5.41,RO,1731437018
212,tommot,58.9564,126.2925,-20.12,95,40,1.04,RU,1731437020
213,celestun,20.8667,-90.4,27.34,73,99,3.95,MX,1731437021
214,woodward,36.4337,-99.3904,19.98,45,0,9.77,US,1731437022
215,el calafate,-50.3408,-72.2768,12.43,72,78,4.25,AR,1731437023
216,balakhta,55.38,91.6,-9.07,67,100,7.03,RU,1731437024
217,keflavik,64.0049,-22.5624,7.24,70,75,18.01,IS,1731437025
218,fortuna,40.5982,-124.1573,13.88,83,0,6.17,US,1731437026
219,mont-laurier,46.5501,-75.4993,2.76,50,85,4.54,CA,1731437027
220,pumiao,22.75,108.4833,22.29,78,100,1.52,CN,1731437028
221,hanawa,40.1836,140.7872,4.21,86,8,1.04,JP,1731437029
222,rawai,7.7797,98.3253,30.55,86,100,3.04,TH,1731437030
223,villamontes,-21.25,-63.5,26.69,36,75,2.57,BO,1731437032
224,khash,28.2211,61.2158,16.02,28,0,1.88,IR,1731437033
225,ust'-kulom,61.6864,53.6902,-5.95,98,100,0.48,RU,1731437034
226,los llanos de aridane,28.6585,-17.9182,19.86,88,20,5.14,ES,1731437035
227,puerto leguizamo,-0.1934,-74.7819,33.86,44,96,1.51,CO,1731437036
228,cabo san lucas,22.8909,-109.9124,28.75,55,0,2.57,MX,1731436951
229,jijiga,9.35,42.8,17.27,68,96,3.03,ET,1731437038
230,as sulayyil,20.4607,45.5779,22.62,26,0,3.61,SA,1731437039
231,quixada,-4.9714,-39.0153,35.53,27,55,2.63,BR,1731437040
232,saint-pierre,-21.3393,55.4781,22.82,73,18,1.54,RE,1731437041
233,taroa,8.7058,171.2275,28.1,77,38,5.59,MH,1731437043
234,vila velha,-20.3297,-40.2925,30.97,74,20,7.2,BR,1731437044
235,shibetsu,43.659,145.132,3.04,66,0,10.27,JP,1731437045
236,perry,37.2506,-83.1999,13.81,43,8,3.75,US,1731437046
237,namtsy,62.7161,129.6658,-21.69,99,93,1.88,RU,1731437047
238,masterton,-40.9597,175.6575,11.61,90,9,1.17,NZ,1731437048
239,mezhdurechenskiy,59.6,65.9333,-10.4,97,98,1.85,RU,1731437049
240,hadibu,12.65,54.0333,25.72,72,0,4.23,YE,1731437050
241,princeville,45.7668,-61.2985,9.17,98,100,2.06,CA,1731437051
242,leesville,31.1435,-93.261,25.13,50,0,1.54,US,1731437053
243,anadyr,64.75,177.4833,-1.72,80,40,11.0,RU,1731437054
244,oamaru,-45.0784,170.9801,9.62,79,8,1.7,NZ,1731437055
245,tura,25.5198,90.2201,18.33,89,0,1.61,IN,1731437056
246,nizhniy kuranakh,58.8353,125.4869,-18.58,95,54,1.34,RU,1731437057
247,fraserburgh,57.6874,-2.0184,9.31,71,32,2.65,GB,1731437058
248,el bauga,18.262,33.9081,29.29,34,0,4.6,SD,1731437059
249,fort mcmurray,56.7268,-111.381,1.77,80,100,7.2,CA,1731436921
250,talara,-4.5772,-81.2719,24.42,64,0,5.66,PE,1731437063
251,masina,-4.3836,15.3914,25.8,76,42,0.65,CD,1731437064
252,korla,41.7597,86.1469,7.23,53,96,0.99,CN,1731437065
253,nicoya,10.1483,-85.452,23.73,95,100,0.28,CR,1731437066
254,rio grande,-32.035,-52.0986,18.51,55,41,5.29,BR,1731437067
255,xilin hot,43.9667,116.0333,2.81,61,0,4.02,CN,1731437068
256,bodo,67.28,14.405,7.19,88,75,6.17,NO,1731437069
257,feni,23.0186,91.41,21.93,77,100,2.41,BD,1731437071
258,kakonko,-3.2828,30.9642,18.99,75,0,1.81,TZ,1731437072
259,niamey,13.5137,2.1098,32.16,19,0,2.06,NE,1731437073
260,neijiang,29.5835,105.0622,17.25,92,100,1.25,CN,1731437074
261,iskateley,67.6803,53.1512,-7.74,95,100,5.92,RU,1731437075
262,thompson,55.7435,-97.8558,4.09,75,100,3.6,CA,1731437077
263,okondja,-0.6549,13.6753,24.15,89,93,0.25,GA,1731437078
264,kotel'nich,58.3089,48.348,-1.57,84,100,3.45,RU,1731437080
265,algeciras,36.1333,-5.4505,17.82,84,20,2.57,ES,1731437081
266,banda aceh,5.5577,95.3222,26.37,82,100,2.7,ID,1731437082
267,helena valley west central,46.6629,-112.0604,8.73,47,75,7.2,US,1731437083
268,mukharram al fawqani,34.8151,37.0861,16.27,74,0,1.5,SY,1731437085
269,los frentones,-26.4077,-61.4137,28.77,20,0,3.46,AR,1731437086
270,novaya igirma,57.1334,103.9112,-9.52,77,79,5.15,RU,1731437087
271,alofi,-19.0595,-169.9187,25.94,78,20,5.14,NU,1731437088
272,olonkinbyen,70.9221,-8.7187,0.97,91,99,14.74,SJ,1731437090
273,weno,7.4515,151.8468,28.68,77,86,6.24,FM,1731437091
274,newman,37.3138,-121.0208,15.35,55,4,3.28,US,1731437092
275,leme,-22.1856,-47.3903,33.82,31,22,3.05,BR,1731437093
276,la passe,45.5549,-0.8967,9.23,80,78,7.15,FR,1731437094
277,hobyo,5.3505,48.5268,26.91,79,92,5.59,SO,1731437095
278,greymouth,-42.4667,171.2,9.38,73,0,2.34,NZ,1731437096
279,sidi salim,31.271,30.7867,18.08,71,0,3.23,EG,1731437097
280,slave lake,55.2834,-114.769,2.99,75,100,3.6,CA,1731437098
281,beacon square,28.2086,-82.7554,31.22,63,17,1.79,US,1731437100
282,nadym,65.5333,72.5167,-22.15,100,100,4.43,RU,1731437101
283,mason,39.3601,-84.3099,10.75,68,100,5.66,US,1731437102
284,machiques,10.0644,-72.545,30.17,67,47,1.36,VE,1731437103
285,bontang,0.1333,117.5,26.68,83,68,1.92,ID,1731437104
286,northam,51.0333,-4.2167,9.78,76,100,6.58,GB,1731437105
287,margate,51.3813,1.3862,11.5,71,98,2.24,GB,1731437106
288,nizhnevartovsk,60.9344,76.5531,-21.99,84,40,0.0,RU,1731437107
289,isla vista,34.4133,-119.861,19.64,46,0,2.57,US,1731437108
290,lormi,22.2833,81.7333,19.0,60,1,1.94,IN,1731437110
291,moyynkum,44.2914,72.9469,2.87,92,100,2.85,KZ,1731437111
292,leiyang,26.4024,112.8591,19.49,69,48,0.94,CN,1731437112
293,khandyga,62.6667,135.6,-26.39,98,62,0.96,RU,1731437113
294,kodiak,57.79,-152.4072,0.73,80,20,5.66,US,1731437114
295,peniche,39.3558,-9.3811,16.78,85,100,9.54,PT,1731437115
296,togur,58.3631,82.8265,-14.96,93,100,3.37,RU,1731437116
297,aykhal,66.0,111.5,-18.48,100,100,2.25,RU,1731437117
298,talnakh,69.4865,88.3972,-24.39,97,99,1.38,RU,1731437118
299,villa regina,-39.1,-67.0667,28.08,19,76,4.33,AR,1731437120
300,pavlikeni,43.2428,25.3219,3.56,91,100,0.95,BG,1731437121
301,lazarevskoye,43.9061,39.3331,11.78,80,0,2.19,RU,1731437122
302,yuzhno-kurilsk,44.0306,145.8556,3.6,62,50,13.3,RU,1731437123
303,selfoss,63.9331,-20.9971,6.14,70,83,15.41,IS,1731437124
304,mitu,1.1983,-70.1733,29.47,69,100,0.65,CO,1731437125
305,choiseul,48.0588,5.5668,5.46,79,100,5.96,FR,1731437127
306,erattupetta,9.7,76.7833,23.76,96,82,1.02,IN,1731437128
307,san antonio de pale,-1.4014,5.6325,26.37,83,45,6.9,GQ,1731437130
308,new martinsville,39.6445,-80.8576,12.28,57,5,0.45,US,1731437131
309,nouadhibou,20.931,-17.0347,24.99,57,0,5.14,MR,1731437132
310,alaghsas,17.0187,8.0168,26.94,19,0,4.12,NE,1731437133
311,san ignacio,17.1561,-89.0714,30.08,62,75,2.06,BZ,1731437134
312,san german,18.0816,-67.0449,31.66,67,100,3.13,PR,1731437135
313,arandas,20.7,-102.35,24.68,25,20,1.98,MX,1731437136
314,kailua-kona,19.6406,-155.9956,26.42,79,40,0.0,US,1731437137
315,mount pearl,47.5166,-52.7813,12.63,95,100,4.12,CA,1731437138
316,mont-dore,-22.2833,166.5833,23.35,83,74,3.79,NC,1731437140
317,luderitz,-26.6481,15.1594,19.71,59,5,9.03,NA,1731437141
318,baruun-urt,46.6806,113.2792,-1.44,63,8,3.64,MN,1731437142
319,churapcha,62.0025,132.4325,-21.43,100,97,1.88,RU,1731437143
320,kirensk,57.7853,108.1119,-6.12,89,100,5.09,RU,1731437145
321,fort bragg,35.139,-79.006,21.49,44,0,4.12,US,1731437146
322,santarem,-2.4431,-54.7083,34.07,52,40,4.63,BR,1731437147
323,novyy urengoy,66.0833,76.6333,-23.52,97,99,5.03,RU,1731437148
324,la sarre,48.8002,-79.1996,-0.13,60,98,2.19,CA,1731437149
325,karamay,45.6004,84.8661,4.13,55,100,1.82,CN,1731437151
326,anna regina,7.2644,-58.5077,27.7,78,100,3.24,GY,1731437152
327,rosarito,32.3333,-117.0333,20.51,67,0,3.82,MX,1731437153
328,general mosconi,-23.1851,-62.303,17.71,61,100,0.75,AR,1731437154
329,calca,-13.3333,-71.95,22.64,66,89,3.34,PE,1731437155
330,tazovsky,67.4667,78.7,-22.32,94,81,5.11,RU,1731437157
331,daru,-9.0763,143.2092,26.0,89,100,4.49,PG,1731437158
332,kapit,2.0167,112.9333,22.64,100,73,0.13,MY,1731437159
333,macapa,0.0389,-51.0664,33.99,52,40,4.63,BR,1731437160
334,hammerfest,70.6634,23.6821,5.25,75,75,3.6,NO,1731437161
335,champerico,14.3,-91.9167,28.46,73,99,2.72,GT,1731437162
336,mount gambier,-37.8333,140.7667,10.02,90,0,2.8,AU,1731437163
337,puerto plata,19.7934,-70.6884,30.91,70,40,5.14,DO,1731437164
338,enriquillo,17.9,-71.2333,26.73,76,100,1.47,DO,1731437165
339,undurkhaan,47.3194,110.6556,-1.18,53,36,3.79,MN,1731437167
340,oltinko'l,40.8011,72.1634,11.04,57,100,0.92,UZ,1731437168
341,tshabong,-26.05,22.45,26.16,11,0,1.08,BW,1731437169
342,pitimbu,-7.4706,-34.8086,27.42,63,8,4.26,BR,1731437170
343,arta,39.1606,20.9853,10.52,91,100,2.86,GR,1731437171
344,sheboygan,43.7333,-87.9334,7.49,70,40,3.09,US,1731437172
345,vernon,50.2581,-119.2691,9.69,69,96,1.79,CA,1731437103
346,la palma,33.8464,-118.0467,20.83,63,40,1.34,US,1731437174
347,ola,59.5833,151.2833,-14.58,74,100,5.64,RU,1731437175
348,pazar,40.2765,36.2835,10.67,68,0,1.12,TR,1731437176
349,pagar alam,-4.0167,103.2667,21.18,99,100,1.0,ID,1731437178
350,prum,50.2167,6.4167,5.7,93,100,4.72,DE,1731437179
351,bodaybo,57.8506,114.1933,-12.83,98,100,1.49,RU,1731437180
352,plastun,44.7561,136.2939,-2.93,54,7,3.73,RU,1731437181
353,rajgarh,28.6333,75.3833,22.84,31,0,1.78,IN,1731437182
354,bubaque,11.2833,-15.8333,29.2,58,100,2.91,GW,1731437183
355,paradip garh,20.3167,86.6167,24.59,68,100,2.38,IN,1731437184
356,kidal,18.4411,1.4078,25.21,13,48,3.86,ML,1731437185
357,kristiansund,63.1115,7.732,12.36,66,75,5.14,NO,1731437186
358,lichinga,-13.3128,35.2406,24.05,69,40,1.03,MZ,1731437188
359,palikir - national government center,6.9248,158.1611,23.41,94,100,2.06,FM,1731437189
360,verkhneyarkeyevo,55.4505,54.3145,-1.31,95,100,7.07,RU,1731437190
361,bela vista de goias,-16.9728,-48.9533,27.1,63,100,2.35,BR,1731437191
362,dzhalagash,45.0833,64.6667,-2.49,52,65,5.05,KZ,1731437192
363,lautoka,-17.6167,177.4667,23.92,88,20,0.0,FJ,1731437193
364,onega,63.9061,38.1404,-0.76,92,77,2.68,RU,1731437194
365,kuraymah,18.55,31.85,26.78,29,0,7.16,SD,1731437195
366,sorong,-0.8833,131.25,26.42,85,18,3.27,ID,1731437196
367,nova vicosa,-17.8919,-39.3719,27.99,71,3,6.25,BR,1731437197
368,mawlaik,23.6333,94.4167,19.88,94,9,0.38,MM,1731437199
369,bijie,27.3125,105.2942,13.0,99,100,1.59,CN,1731437200
370,zag,46.9441,99.165,-15.04,95,99,0.81,MN,1731437201
371,kapuskasing,49.4169,-82.4331,-1.95,86,100,2.06,CA,1731437202
372,mukalla,14.5425,49.1242,25.45,62,1,0.66,YE,1731437203
373,mendoza,-32.8908,-68.8272,28.74,16,0,3.6,AR,1731437204
374,morehead city,34.7229,-76.726,21.14,50,0,6.69,US,1731437205
375,mandalgovi,45.7625,106.2708,-1.06,48,98,3.84,MN,1731437206
376,antofagasta,-23.65,-70.4,19.6,71,2,3.41,CL,1731437208
377,kardla,58.9978,22.7492,6.51,80,100,2.2,EE,1731437210
378,sandnessjoen,66.0217,12.6316,9.06,100,75,10.8,NO,1731437211
379,al wafrah,28.6392,47.9306,25.51,37,58,3.42,KW,1731437212
380,kerikeri,-35.2268,173.9474,16.07,91,96,0.76,NZ,1731437213
381,tanaina,61.6269,-149.4281,-8.84,92,100,1.54,US,1731437215
382,shimoda,34.6667,138.95,16.89,82,23,4.55,JP,1731437216
383,geyve,40.5075,30.2925,11.89,92,100,1.75,TR,1731437217
384,hami,42.8,93.45,9.79,50,99,4.46,CN,1731437218
385,tsiombe,-25.3,45.4833,22.27,92,97,1.56,MG,1731437220
386,pemalang,-6.9,109.3667,26.37,76,100,1.38,ID,1731437221
387,farasan,16.7022,42.1183,29.21,67,100,2.68,SA,1731437222
388,antsiranana,-12.2787,49.2917,25.07,77,83,7.26,MG,1731437223
389,stettler,52.3168,-112.7186,7.69,43,1,5.26,CA,1731437224
390,sakhnovshchyna,49.1517,35.872,0.81,77,36,3.01,UA,1731437225
391,ormond-by-the-sea,29.3491,-81.0665,27.05,82,75,5.14,US,1731437226
392,abu jibeha,11.4562,31.2285,28.37,34,35,2.77,SD,1731437227
393,st. john's,47.5649,-52.7093,13.09,98,100,4.12,CA,1731437228
394,zumarraga,11.6388,124.8417,25.49,86,98,1.6,PH,1731437230
395,mozarlandia,-14.7447,-50.5706,29.2,66,99,1.6,BR,1731437231
396,alice springs,-23.7,133.8833,22.75,73,20,2.06,AU,1731437232
397,tromso,69.6496,18.957,7.01,81,75,13.38,NO,1731437233
398,khanty-mansiysk,61.0042,69.0019,-13.94,78,40,2.0,RU,1731437234
399,chonchi,-42.6128,-73.8092,15.17,60,98,1.86,CL,1731437235
400,brokopondo,4.75,-55.1667,28.17,75,84,2.07,SR,1731437236
401,tanjung pandan,-2.75,107.65,25.62,86,90,1.17,ID,1731437237
402,olyokminsk,60.3736,120.4264,-17.69,98,97,0.94,RU,1731437238
403,karaton,-6.3424,106.1045,23.01,96,81,0.47,ID,1731437240
404,aswan,24.0934,32.907,24.61,25,0,3.6,EG,1731437241
405,tolanaro,-25.0319,46.9987,25.04,83,40,2.06,MG,1731437242
406,lerik,38.7726,48.4128,5.06,100,100,2.34,AZ,1731437243
407,loukhi,66.0764,33.0381,0.33,94,99,2.57,RU,1731437244
408,fada,7.25,4.0667,29.37,65,20,1.03,NG,1731437245
409,terrace,54.5163,-128.6035,4.95,100,75,3.6,CA,1731437246
410,aktau,43.65,51.2,4.32,69,51,6.52,KZ,1731437247
411,mil'kovo,55.6078,37.7956,1.86,52,100,3.02,RU,1731437249
412,lamu,-2.2717,40.902,26.61,82,97,3.16,KE,1731437250
413,cockburn town,21.4612,-71.1419,27.94,81,18,7.44,TC,1731437251
414,poyarkovo,49.6,128.6833,-6.06,84,17,2.56,RU,1731437252
415,chimoio,-19.1164,33.4833,25.92,78,20,1.49,MZ,1731437253
416,ebon,4.582,168.6964,28.61,71,96,5.44,MH,1731437254
417,praia da vitoria,38.7333,-27.0667,20.14,94,40,6.85,PT,1731437255
418,hun,29.1268,15.9477,22.35,21,100,3.72,LY,1731437256
419,saint-francois,46.4154,3.9054,7.69,78,100,1.54,FR,1731437257
420,harstad,68.799,16.5293,9.53,92,100,14.31,NO,1731437258
421,utrik,11.2278,169.8474,28.14,73,8,6.67,MH,1731437259
422,bamboo flat,11.7,92.7167,25.05,100,75,1.03,IN,1731437261
423,xining,36.6167,101.7667,2.93,82,100,1.29,CN,1731437262
424,thunder bay,48.4001,-89.3168,5.99,61,75,6.17,CA,1731437263
425,la'ie,21.6477,-157.9253,25.62,79,73,2.68,US,1731437264
426,mirny,62.5353,113.9611,-18.13,98,100,0.74,RU,1731437265
427,ad-damazin,11.7891,34.3592,31.67,35,93,0.96,SD,1731437266
428,molde,62.7375,7.1591,7.91,93,75,2.57,NO,1731437267
429,the pas,53.8251,-101.2541,5.01,75,0,6.17,CA,1731437268
430,nieuw amsterdam,5.8833,-55.0833,32.01,62,40,3.09,SR,1731437269
431,takoradi,4.8845,-1.7554,26.8,80,18,2.7,GH,1731437270
432,caiaponia,-16.9567,-51.8103,26.97,67,99,3.09,BR,1731437272
433,laojunmiao,39.8333,97.7333,2.57,60,100,1.32,CN,1731437273
434,wenchang,30.904,118.4887,14.57,83,6,3.34,CN,1731437274
435,sao jose da coroa grande,-8.8978,-35.1478,27.06,70,13,5.76,BR,1731437275
436,colares,38.7992,-9.4469,16.85,67,0,4.63,PT,1731437276
437,solleftea,63.1667,17.2667,0.92,93,100,2.0,SE,1731437277
438,argostolion,38.1811,20.489,16.04,88,75,3.09,GR,1731437278
439,niquero,20.0431,-77.5828,28.59,74,54,3.01,CU,1731437281
440,san onofre,9.7359,-75.5263,27.95,74,49,4.1,CO,1731437282
441,kismayo,-0.3582,42.5454,26.93,83,68,4.03,SO,1731437283
442,mae hong son,19.3003,97.9685,20.92,89,0,0.69,TH,1731437284
443,neon karlovasion,37.7903,26.7044,15.5,57,100,1.21,GR,1731437285
444,atherton,53.5237,-2.4935,7.9,84,96,0.45,GB,1731437286
445,miki,34.8,134.9833,15.16,79,45,2.88,JP,1731437287
446,huron,41.1501,-82.5499,8.71,67,9,6.31,US,1731437289
447,mandan,46.8267,-100.8896,10.0,74,0,9.77,US,1731437290
448,salekhard,66.53,66.6019,-24.33,93,81,1.66,RU,1731437291
449,la ronge,55.1001,-105.2842,3.14,81,100,4.12,CA,1731437292
450,kovylkino,54.0388,43.9139,-1.39,85,84,3.34,RU,1731437277
451,flin flon,54.7682,-101.865,4.91,75,75,5.66,CA,1731437295
452,kuching,1.55,110.3333,25.55,97,20,0.51,MY,1731437065
453,khlung,12.4547,102.2214,23.44,84,100,1.55,TH,1731437298
454,charlottetown,46.2352,-63.1267,9.29,99,100,3.09,CA,1731437299
455,skeldon,5.8833,-57.1333,28.76,68,98,3.54,GY,1731437301
456,severo-yeniseyskiy,60.3725,93.0408,-15.59,88,100,4.95,RU,1731437302
457,bolgatanga,10.7856,-0.8514,29.48,26,100,2.38,GH,1731437303
458,inverloch,-38.6333,145.7167,14.75,91,18,2.54,AU,1731437304
459,tangalle,6.024,80.7911,24.82,91,80,2.39,LK,1731437305
460,pahrump,36.2083,-115.9839,14.58,26,1,4.47,US,1731437307
461,kiffa,16.6166,-11.4045,30.42,12,0,1.01,MR,1731437308
462,island harbour,50.724,-1.2758,11.12,65,98,2.68,GB,1731437309
463,matamey,13.4231,8.4749,26.91,22,8,3.92,NE,1731437312
464,omidiyeh,30.7597,49.705,27.43,33,10,3.9,IR,1731437313
465,kagizman,40.1567,43.1342,8.07,73,0,1.49,TR,1731437314
466,changji,44.0167,87.3167,3.44,93,100,3.0,CN,1731437315
467,cannonvale,-20.2833,148.7,23.66,75,66,2.21,AU,1731437316
468,tazacorte,28.629,-17.9293,21.54,89,20,5.14,ES,1731437317
469,caleta de carquin,-11.0925,-77.6267,20.75,74,100,3.72,PE,1731437318
470,necochea,-38.5473,-58.7368,17.22,52,2,5.99,AR,1731437319
471,acapulco de juarez,16.8634,-99.8901,29.9,74,0,4.63,MX,1731437320
472,msanga,-6.05,36.0333,25.47,45,97,3.57,TZ,1731437322
473,rongelap,11.1635,166.8941,28.19,76,94,6.35,MH,1731437323
474,masuguru,-11.3667,38.4167,30.0,52,97,4.82,TZ,1731437324
475,winston-salem,36.0999,-80.2442,19.75,43,0,3.55,US,1731437182
476,kedougou,12.5579,-12.1743,32.32,48,0,1.03,SN,1731437326
477,soe,-9.8607,124.284,18.66,73,5,1.07,ID,1731437327
478,souillac,-20.5167,57.5167,25.21,78,75,4.63,MU,1731437328
479,papao,-17.75,-149.55,26.82,77,69,8.7,PF,1731437329
480,villa gesell,-37.2639,-56.973,19.4,51,100,2.62,AR,1731437330
481,beidao,34.5686,105.8933,10.93,86,100,0.86,CN,1731437331
482,madimba,-10.4,40.3333,26.62,89,20,2.57,TZ,1731437333
483,podgornoye,51.735,39.1496,1.12,69,75,2.0,RU,1731437334
484,minzhu,43.7286,127.3447,-0.56,69,0,0.54,CN,1731437335
485,faaa,-17.55,-149.6,26.98,74,100,3.09,PF,1731437336
486,wanda,-25.9693,-54.5697,21.43,36,46,0.48,AR,1731437337
487,vilyuchinsk,52.9306,158.4028,-5.85,78,22,5.3,RU,1731437338
488,anaconda,46.1285,-112.9423,4.02,43,88,5.83,US,1731437339
489,piove di sacco-piovega,45.2975,12.0428,8.36,71,71,3.96,IT,1731437342
490,bandiagara,14.3501,-3.6104,27.89,18,100,2.08,ML,1731437343
491,laminusa,5.5549,120.9136,28.17,71,76,0.95,PH,1731437344
492,rawson,-43.3002,-65.1023,21.16,30,0,7.72,AR,1731437345
493,sao felix do xingu,-6.6447,-51.995,30.27,56,77,1.03,BR,1731437346
494,nema,57.5067,50.5011,-1.63,87,94,4.12,RU,1731437348
495,cintruenigo,42.0777,-1.8088,7.92,63,86,9.77,ES,1731437349
496,verkhnevilyuysk,63.4453,120.3167,-10.88,97,100,1.89,RU,1731437351
497,auki,-8.7676,160.7034,25.25,91,100,2.27,SB,1731437352
498,cidreira,-30.1811,-50.2056,20.18,48,0,6.18,BR,1731437353
499,zakynthos,37.7914,20.8953,14.62,100,100,2.06,GR,1731437354
500,katsuura,35.1333,140.3,17.25,81,0,5.61,JP,1731437355
501,egilsstadir,65.2653,-14.3948,7.95,46,0,13.89,IS,1731437356
502,kununurra,-15.7667,128.7333,25.99,89,75,3.6,AU,1731437357
503,belmonte,-15.8631,-38.8828,27.13,73,3,5.42,BR,1731437358
504,timbuktu,16.7735,-3.0074,28.68,14,99,3.61,ML,1731437359
505,narvik,68.4384,17.4272,6.56,95,100,2.76,NO,1731437360
506,bardai,11.65,7.2333,24.21,30,32,3.69,NG,1731437362
507,al manshah,26.4769,31.8035,23.14,43,0,7.72,EG,1731437363
508,alaior,39.9303,4.1404,13.86,67,20,7.2,ES,1731437364
509,kaliua,-5.0606,31.7936,21.87,65,5,1.81,TZ,1731437365
510,emporia,38.4039,-96.1817,17.11,55,0,5.14,US,1731437366
511,ust-tsilma,65.441,52.1498,-4.22,96,100,3.52,RU,1731437367
512,angaur state,6.906,134.13,28.39,71,97,1.14,PW,1731437368
513,adam,22.3756,57.5233,24.82,30,0,2.11,OM,1731437369
514,opatija,45.3392,14.3083,9.38,73,5,3.83,HR,1731437370
515,waddan,29.1614,16.139,22.01,22,100,3.02,LY,1731437371
516,pervomayskoye,43.919,46.7102,6.54,66,100,4.21,RU,1731437373
517,zeya,53.75,127.2667,-13.08,98,98,1.15,RU,1731437374
518,gokceada,40.2011,25.909,15.38,80,100,9.95,TR,1731437375
519,grand gaube,-20.0064,57.6608,24.1,84,5,0.45,MU,1731437376
520,sarakhs,36.5449,61.1577,12.33,68,100,3.53,IR,1731437377
521,marondera,-18.1853,31.5519,17.87,82,100,0.41,ZW,1731437378
522,lagoa,39.05,-27.9833,19.79,86,100,10.51,PT,1731437379
523,nabire,-3.3667,135.4833,23.48,92,100,1.08,ID,1731437380
524,mili,6.0815,171.735,27.59,77,100,3.24,MH,1731437381
525,linares,-35.85,-71.6,27.51,21,0,7.03,CL,1731437383
526,cherlak,54.155,74.8055,-10.31,93,100,5.09,RU,1731437384
527,kotabumi,-4.8333,104.9,24.88,90,100,0.65,ID,1731437385
528,slupca,52.2873,17.8719,-2.09,63,0,0.71,PL,1731437386
529,urangan,-25.3,152.9,24.15,77,18,6.9,AU,1731437387
530,saint-philippe,-21.3585,55.7679,23.29,81,52,4.73,RE,1731437388
531,fortuna foothills,32.6578,-114.4119,22.59,21,0,6.69,US,1731437389
532,lincoln city,44.9582,-124.0179,13.16,94,100,4.47,US,1731437391
533,sao joao da barra,-21.6403,-41.0511,32.05,79,0,6.43,BR,1731437392
534,itoman,26.1247,127.6694,25.01,83,100,4.63,JP,1731437393
535,haradok,55.4624,29.9816,0.11,82,63,1.36,BY,1731437394
536,tabas,33.5959,56.9244,18.9,35,9,1.69,IR,1731437395
537,chiscani,45.1833,27.9333,7.07,81,68,2.38,RO,1731437396
538,luena,-11.7833,19.9167,17.57,91,14,1.99,AO,1731437397
539,gizo,-8.103,156.8419,27.7,78,97,1.96,SB,1731437398
540,punta gorda,26.9298,-82.0454,32.03,64,0,4.63,US,1731437399
541,constitucion,-35.3333,-72.4167,20.82,48,8,8.77,CL,1731437402
542,pokachi,61.7198,75.3683,-25.13,100,41,1.89,RU,1731437403
543,usinsk,65.9939,57.5281,-20.14,91,82,1.7,RU,1731437404
544,port saint john's,-31.6229,29.5448,21.47,87,100,3.3,ZA,1731437405
545,ilovlya,49.3033,43.9796,0.35,73,14,1.66,RU,1731437406
546,jabat,7.75,168.9751,28.06,77,100,4.76,MH,1731437407
547,krasnyy chikoy,50.3643,108.7512,-10.66,99,91,0.86,RU,1731437408
548,puerto quijarro,-17.7833,-57.7667,34.72,37,43,3.7,BO,1731437410
549,al ghayzah,16.2079,52.176,26.34,53,0,2.0,YE,1731437411
550,mantua,45.1667,10.7833,7.77,88,100,2.73,IT,1731437412
551,ingeniero guillermo n. juarez,-23.9,-61.85,26.81,30,17,2.1,AR,1731437413
552,whakatane,-37.9585,176.9854,15.84,88,71,0.89,NZ,1731437414
553,sovetsk,55.0839,21.8785,-0.61,85,31,0.51,RU,1731437416
554,chernyshevsk,52.5243,117.0174,-13.67,97,83,0.93,RU,1731437417
555,kenora,49.8167,-94.4337,4.54,60,75,8.75,CA,1731437418
556,kilindoni,-7.9139,39.6668,27.26,80,9,6.52,TZ,1731437421
557,jining,35.405,116.5814,15.88,87,100,2.92,CN,1731437299
558,yarmouth,41.7057,-70.2286,12.03,60,20,13.86,US,1731437423
559,agadez,19.75,10.25,22.68,21,0,3.13,NE,1731437424
560,bayanhongor,46.7167,100.1167,-12.28,82,87,1.88,MN,1731437425
561,touros,-5.1989,-35.4608,27.77,66,5,6.18,BR,1731437426
562,sikasso,10.9167,-7.0,27.07,33,35,1.02,ML,1731437427
563,mostovskoy,44.4122,40.7936,3.87,86,0,1.0,RU,1731437428
564,williston,48.147,-103.618,7.99,55,100,1.6,US,1731437429
565,dwarka,22.2394,68.9678,27.28,65,0,5.46,IN,1731437431
566,kindu,-2.95,25.95,22.71,83,10,0.64,CD,1731437432
567,yaren,-0.5472,166.916,27.89,65,11,5.89,NR,1731437433
568,benjamin constant,-4.3831,-70.0311,34.07,54,40,0.51,BR,1731437434
569,pingliang,35.5392,106.6861,8.45,91,93,0.32,CN,1731437435
570,dawson creek,55.7666,-120.2362,-5.2,93,100,1.03,CA,1731437436
571,tufesti,45.05,27.8167,6.98,83,80,2.3,RO,1731437437
572,rybnoye,54.7256,39.5119,-0.54,84,34,3.39,RU,1731437438
573,wamba,8.9333,8.6,26.49,36,35,1.14,NG,1731437439
574,naze,28.3667,129.4833,20.86,76,100,3.57,JP,1731437440
575,colombo,6.9319,79.8478,26.97,78,96,1.17,LK,1731437442
576,mabaruma,8.2,-59.7833,25.27,93,100,1.02,GY,1731437443
577,naro,37.2935,13.7936,14.09,91,81,4.4,IT,1731437444
578,prince george,53.9166,-122.753,4.79,95,75,6.69,CA,1731437445
579,recani,31.2846,-4.2688,19.8,34,20,2.36,MA,1731437446
580,mayma,52.0197,85.9114,-9.72,91,60,0.54,RU,1731437447
581,fort st. john,56.2499,-120.8529,-8.06,79,75,2.57,CA,1731437448
582,belyy yar,53.6039,91.3903,-8.06,57,0,6.0,RU,1731437449
583,stanthorpe,-28.6667,151.95,17.46,99,13,1.74,AU,1731437450
584,rongai,-0.1733,35.8638,15.66,81,18,0.54,KE,1731437452
585,aral,40.5156,81.2636,8.2,52,97,0.22,CN,1731437453
586,ierapetra,35.01,25.7353,20.64,75,0,0.89,GR,1731437455
587,brigantine,39.4101,-74.3646,14.11,48,0,10.29,US,1731437456
588,arno,60.1167,18.6333,3.1,87,13,2.47,SE,1731437457
589,panacan,9.2463,118.4082,26.42,80,81,0.68,PH,1731437458
590,nuuk,64.1835,-51.7216,-0.66,80,100,13.89,GL,1731437459
591,pangody,65.85,74.4859,-21.96,98,100,4.04,RU,1731437461
